{
  "run_id": "unknown",
  "steps_completed": 2000,
  "wall_time": 1767079714.587992,
  "toxic_count_total": 1086,
  "val_history": [
    {
      "step": 1700,
      "val_loss_crypto": 0.29064915142953396,
      "val_loss_equity": 0.0791594523191452
    },
    {
      "step": 1800,
      "val_loss_crypto": 0.26531979396939276,
      "val_loss_equity": 0.09147467475384474
    },
    {
      "step": 1900,
      "val_loss_crypto": 0.25738833859562876,
      "val_loss_equity": 0.08185636874288321
    },
    {
      "step": 2000,
      "val_loss_crypto": 0.3072302794456482,
      "val_loss_equity": 0.09702822994440793
    }
  ],
  "checkpoints": {
    "latest": "models/training_v1_0/checkpoint_latest",
    "final": "models/training_v1_0/checkpoint_final"
  },
  "resume_verified": true,
  "artifacts_paths": {
    "status_jsonl": "models/training_v1_0/run_status.jsonl",
    "toxic_jsonl": "reports/toxic_batches.jsonl"
  }
}