{
  "RET": {
    "min": -0.40757026357031706,
    "max": 0.26790745756910417,
    "edges": [
      -0.40757026357031706,
      -0.09589763057017803,
      -0.07524287454946973,
      -0.06539455025488979,
      -0.05807053970357782,
      -0.052588883089861996,
      -0.04767499344445709,
      -0.04427423584789391,
      -0.04070936729421806,
      -0.03743712171731252,
      -0.03507398292965457,
      -0.032752347603475444,
      -0.031009407474853673,
      -0.029142813395169637,
      -0.027353142708107927,
      -0.025786552761346098,
      -0.02452783845840086,
      -0.023095425857439025,
      -0.02189022137156176,
      -0.02085668327855812,
      -0.019998516185221867,
      -0.019007767528558258,
      -0.018217173019125545,
      -0.017489521515315836,
      -0.016830053833176782,
      -0.016155440222285256,
      -0.015484143264769129,
      -0.014886229274474135,
      -0.014342875359404244,
      -0.01390231516385542,
      -0.013343415173684335,
      -0.012938923972887683,
      -0.012426509161376234,
      -0.011973135288810468,
      -0.011588303799606138,
      -0.01119993045201465,
      -0.010821206741604208,
      -0.010430040106604869,
      -0.010098563887171275,
      -0.009805567895206625,
      -0.009493803506808918,
      -0.009204315671797345,
      -0.008924288543122072,
      -0.008663946151608442,
      -0.008399939228089813,
      -0.008176660437245444,
      -0.007947509633537395,
      -0.007721651211507189,
      -0.007522872662987524,
      -0.007344242594917587,
      -0.007164363683752221,
      -0.00696053864950834,
      -0.00678452084166369,
      -0.006595407139652484,
      -0.00642476757925517,
      -0.006263068489562296,
      -0.00611976258534899,
      -0.005951263099093047,
      -0.005788728176244652,
      -0.0056493318252459875,
      -0.005494519317640813,
      -0.0053567208683909726,
      -0.0052227962690119195,
      -0.005081510367645745,
      -0.0049418679669445825,
      -0.004808653511096941,
      -0.004687508583097161,
      -0.004551699907857067,
      -0.004455323703329292,
      -0.004335076766486587,
      -0.004227059434187905,
      -0.004122222774633807,
      -0.004015336659736334,
      -0.00391248529893927,
      -0.003798214424509576,
      -0.003692661489009554,
      -0.003589057239817244,
      -0.0034883756304540086,
      -0.003386389961517816,
      -0.003293693232769852,
      -0.0031873412706775986,
      -0.0030896049276277573,
      -0.0029950390350206822,
      -0.0029037970771528462,
      -0.0028166129980056955,
      -0.0027269927032614297,
      -0.002653694613466245,
      -0.0025622561860102282,
      -0.0024731596408706837,
      -0.002391457866745232,
      -0.002309532104338665,
      -0.0022267528515863395,
      -0.0021487326156772965,
      -0.002075576106833834,
      -0.002003469362205688,
      -0.0019283687747918765,
      -0.0018473622619015894,
      -0.0017744265496416353,
      -0.0016939249418977404,
      -0.0016242046699927514,
      -0.0015485678844565382,
      -0.0014773278133099622,
      -0.0014066375531534814,
      -0.0013393533312352187,
      -0.0012680193904030402,
      -0.0012070007500353387,
      -0.00112879271693675,
      -0.0010581756467643335,
      -0.0009964439442374997,
      -0.0009229349986009506,
      -0.0008527399862968217,
      -0.0007828903285890443,
      -0.000721732188506261,
      -0.0006567475381557695,
      -0.0005997010046774523,
      -0.0005374578374276941,
      -0.0004774480080407399,
      -0.00041429788610178016,
      -0.00034594594939609116,
      -0.0002666311174309557,
      -0.00020470787909346847,
      -0.00012865600289995493,
      -6.64976149767329e-05,
      0.0,
      2.0334877863819607e-05,
      8.810716678524699e-05,
      0.00014877631508503138,
      0.0002248350578995291,
      0.0002833377202172663,
      0.0003517242518154801,
      0.00041262637267935583,
      0.0004746344853413692,
      0.0005399661975733106,
      0.0005991912308262968,
      0.0006659887687841612,
      0.0007229562226756089,
      0.00078783240752901,
      0.0008470435430704018,
      0.0009103783756414738,
      0.0009688050015704704,
      0.0010371883091839854,
      0.0011024020142958069,
      0.0011716225348975748,
      0.001237881074209622,
      0.0012967367280661858,
      0.0013528072809929064,
      0.0014221918065741273,
      0.0014901281783784544,
      0.0015571168101585168,
      0.0016342945077758454,
      0.0017063394635830548,
      0.001771787362702938,
      0.00184803521214552,
      0.0019209212030446695,
      0.001991040976313788,
      0.0020582366973156594,
      0.00211590533861324,
      0.002191935681601371,
      0.0022831597537236173,
      0.002359305940309284,
      0.002436902859572601,
      0.0025159345008734244,
      0.0025927718149917887,
      0.002680248187199486,
      0.0027611614413280655,
      0.00285021184363104,
      0.0029248339072468882,
      0.003002361251669234,
      0.003091409754910793,
      0.0031782872607754296,
      0.0032848322289627495,
      0.003382716394885884,
      0.003476820398686129,
      0.003575810920895921,
      0.0036823667150719746,
      0.003792810442950974,
      0.0038926386931304197,
      0.004003546942012686,
      0.0041127137222689465,
      0.004212931365563212,
      0.004315536877718173,
      0.004430531589987225,
      0.00453823335605121,
      0.004652716934439476,
      0.004777079148278907,
      0.004886349524033565,
      0.005005684928925597,
      0.005127948027280424,
      0.005266553472022105,
      0.00539840761380937,
      0.005522247056585891,
      0.005654088565737596,
      0.005797117684325915,
      0.005941907808958226,
      0.006077609280469796,
      0.0062535279558095964,
      0.00640440015620112,
      0.006582154224711276,
      0.006776200971796268,
      0.006952405337132896,
      0.007110716212100321,
      0.00731866159924806,
      0.007517603634285535,
      0.007708309735830679,
      0.007922947634823995,
      0.008156098204948909,
      0.008382408847452215,
      0.008599431341621068,
      0.008849114562337395,
      0.009134352083030354,
      0.009363689015683551,
      0.0095902767420649,
      0.009869583349476827,
      0.010179331091976784,
      0.010522388367087384,
      0.010816648409020607,
      0.011139713816298812,
      0.011490271830111287,
      0.011873332288633354,
      0.012214947911247095,
      0.012665684572107419,
      0.013078954797496063,
      0.013538668332798265,
      0.013995891776539936,
      0.014466782178486475,
      0.014978882054650632,
      0.01550603586895716,
      0.016016850215831473,
      0.01656415843721058,
      0.017201010516144723,
      0.017822253907504283,
      0.018683415387990655,
      0.019444468264119465,
      0.02010536987097813,
      0.02087758502155518,
      0.021723992484620046,
      0.022633379158380703,
      0.023579326237336364,
      0.024686954897748338,
      0.02588598914798506,
      0.02714030889955386,
      0.028388970734832354,
      0.029808744135194208,
      0.03111635692527864,
      0.032602724582505085,
      0.034493944209752235,
      0.036774727425020685,
      0.03922876958049771,
      0.041648403648866135,
      0.04456360777718504,
      0.0484897822534972,
      0.05389460137454128,
      0.05952848919268112,
      0.06729374238597725,
      0.07945412822491392,
      0.10557883243633787,
      0.26790745756910417
    ]
  },
  "RVOL": {
    "min": 0.00027003409604491296,
    "max": 3.4388375955158876,