{
  "train_loss": [
    0.38268551230430603,
    1.5212197303771973,
    1.3254039287567139,
    1.7010287046432495,
    1.212440848350525,
    1.5108754634857178,
    1.3863250017166138,
    1.5786800384521484,
    1.8321037292480469,
    1.5998964309692383,
    1.6318660974502563,
    1.788912057876587,
    1.2070527076721191,
    1.3499869108200073,
    1.959346890449524,
    1.133183479309082,
    1.4640223979949951,
    1.8228753805160522,
    1.3899801969528198,
    1.3043129444122314,
    1.2507681846618652,
    1.395007610321045,
    1.7276742458343506,
    1.2308743000030518,
    0.3414474129676819,
    1.550153136253357,
    1.6037906408309937,
    1.6136432886123657,
    1.8368809223175049,
    1.2114243507385254,
    0.9211565852165222,
    1.4481322765350342,
    0.7905575037002563,
    1.652082920074463,
    2.5504953861236572,
    1.681474208831787,
    1.4564024209976196,
    1.3003242015838623,
    1.6886035203933716,
    0.3766230046749115,
    0.7920749187469482,
    1.679571270942688,
    1.441223382949829,
    2.0126826763153076,
    1.4639836549758911,
    1.1555566787719727,
    1.8183313608169556,
    2.014641761779785,
    1.0654048919677734,
    1.3577498197555542
  ],
  "grad_norm": [
    NaN,
    NaN,
    NaN,
    NaN,
    NaN,
    NaN,
    NaN,
    NaN,
    NaN,
    NaN,
    NaN,
    NaN,
    NaN,
    NaN,
    NaN,
    NaN,
    NaN,
    NaN,
    NaN,
    NaN,
    0.1033533255407434,
    0.11032648721375428,
    0.13478419764110952,
    0.1133033354093825,
    0.09381100900483595,
    0.11272269473876968,
    0.10088733106829388,
    0.10804963332413907,
    0.12627894389761074,
    0.10530927380565225,
    0.10727172711791029,
    0.1271127465449927,
    0.09594955310763656,
    0.13593084734817934,
    0.14781186764054094,
    0.12527231667853864,
    0.1982215933188608,
    0.1715104621562905,
    0.2221523542120172,
    0.2269840961156636,
    0.3128842346121457,
    0.2251601344663568,
    0.28946560799968657,
    0.4588891555463959,
    0.3956132975515315,
    0.4700218937732247,
    0.553413745591279,
    0.5180292329772745,
    0.5714079712557989,
    0.5951927269869755
  ],
  "steps": [
    1,
    2,
    3,
    4,
    5,
    6,
    7,
    8,
    9,
    10,
    11,
    12,
    13,
    14,
    15,
    16,
    17,
    18,
    19,
    20,
    21,
    22,
    23,
    24,
    25,
    26,
    27,
    28,
    29,
    30,
    31,
    32,
    33,
    34,
    35,
    36,
    37,
    38,
    39,
    40,
    41,
    42,
    43,
    44,
    45,
    46,
    47,
    48,
    49,
    50
  ]
}